{"chunk_definitions":[{"row":21,"row_count":1,"visible":true,"expansion_state":0,"options":{"engine":"r","label":"setup","include":false},"document_id":"9B34107F","chunk_id":"csetup_chunk","chunk_label":"setup"},{"row":355,"row_count":1,"visible":true,"expansion_state":0,"options":{"engine":"r","results":"","label":"unnamed-chunk-1"},"document_id":"9B34107F","chunk_id":"cvkginac3bo5n","chunk_label":"unnamed-chunk-33"},{"row":363,"row_count":1,"visible":true,"expansion_state":0,"options":{"engine":"r","label":"unnamed-chunk-2"},"document_id":"9B34107F","chunk_id":"c5ibmcyga6yu7","chunk_label":"unnamed-chunk-35"},{"row":367,"row_count":1,"visible":true,"expansion_state":0,"options":{"engine":"r","label":"unnamed-chunk-3"},"document_id":"9B34107F","chunk_id":"czz07ixmsfagn","chunk_label":"unnamed-chunk-36"},{"row":371,"row_count":1,"visible":true,"expansion_state":0,"options":{"engine":"r","label":"unnamed-chunk-4"},"document_id":"9B34107F","chunk_id":"co8vxwhtunusm","chunk_label":"unnamed-chunk-37"},{"row":399,"row_count":1,"visible":true,"expansion_state":0,"options":{"engine":"r","label":"unnamed-chunk-28"},"document_id":"9B34107F","chunk_id":"cvm773whg09ki","chunk_label":"unnamed-chunk-38"},{"row":403,"row_count":1,"visible":true,"expansion_state":0,"options":{"engine":"r","label":"unnamed-chunk-32"},"document_id":"9B34107F","chunk_id":"cy9xzkndhdz77","chunk_label":"unnamed-chunk-39"}],"doc_write_time":1712533172,"chunk_rendered_width":660,"working_dir":null,"default_chunk_options":{"echo":true,"warning":false,"message":false,"fig.width":6.0,"fig.height":4.0,"fig.align":"center"}}