"0","bivarie(projet, sexe, q25, all=""table"")"
"1","[1m[33mError[39m:[22m
[38;5;232m[33m![38;5;232m Error in `row=` argument input. Select from ‘key’, ‘region’,
  ‘departement’, ‘sexe’, ‘q24’, ‘q24a_1’, ‘q24a_2’, ‘q24a_3’, ‘q24a_4’,
  ‘q24a_5’, ‘q24a_6’, ‘q24a_7’, ‘q24a_9’, ‘q24a_10’, ‘q25’, ‘q26’, ‘q12’,
  ‘q14b’, ‘q16’, ‘q17’, ‘q19’, ‘q20’, ‘filiere_1’, ‘filiere_2’, ‘filiere_3’,
  ‘filiere_4’, ‘q8’, ‘q81’, ‘gps_menlatitude’, ‘gps_menlongitude’,
  ‘submissiondate’, ‘start’, ‘today’, ‘sexe_2’[39m
Backtrace:
[90m 1. [39m[1mglobal[22m bivarie(projet, sexe, q25, all = ""table"")
[90m 2. [39m[1mgtsummary[22m::tbl_cross(data = df, row = var1, col = var2)
[90m 3. [39mbroom.helpers::.select_to_varnames(...)
[90m 4. [39m[1mbase[22m::tryCatch(...)
[90m 5. [39mbase (local) tryCatchList(expr, classes, parentenv, handlers)
[90m 6. [39mbase (local) tryCatchOne(expr, names, parentenv, handlers[[1L]])
[90m 7. [39mvalue[[3L]](cond)
"
